RegionID,SizeRank,RegionName,State,Date,Median House Value,Inflation Rate,Housing Market Supply,Rental Price Index,Unemployment Rate,,,City,Average Market Rental
6181,1,New York,NY,1/31/2020,"$699,969 ",2.50%,4721.248047,2821.03,4.1,,,New York,"$3,097 "
6181,1,New York,NY,2/29/2020,"$699,687 ",2.30%,2858.292971,2839.12,4.2,,,Los Angeles,"$2,627 "
6181,1,New York,NY,3/31/2020,"$699,264 ",1.50%,2176.704063,2853.24,4.2,,,Houston,"$1,478 "
6181,1,New York,NY,4/30/2020,"$698,775 ",0.30%,1090.01245,2843.3,15.7,,,Chicago,"$1,910 "
6181,1,New York,NY,5/31/2020,"$699,494 ",0.10%,2772.959714,2814.85,16.7,,,San Antonio,"$1,347 "
6181,1,New York,NY,6/30/2020,"$699,086 ",0.60%,3200.091774,2775.48,13.6,,,Philadelphia,"$1,585 "
6181,1,New York,NY,7/31/2020,"$698,079 ",1.00%,3534.490427,2736.12,12.6,,,Phoenix,"$1,518 "
6181,1,New York,NY,8/31/2020,"$696,449 ",1.30%,2680.522805,,10.8,,,Las Vegas,"$1,587 "
6181,1,New York,NY,9/30/2020,"$697,581 ",1.40%,4859.656283,,10.2,,,San Diego,"$2,684 "
6181,1,New York,NY,10/31/2020,"$699,632 ",1.20%,3501.500136,2537.41,9.2,,,Dallas,"$1,584 "
6181,1,New York,NY,11/30/2020,"$702,577 ",1.20%,3315.326077,2491.41,8.9,,,Austin,"$1,630 "
6181,1,New York,NY,12/31/2020,"$705,349 ",1.40%,3665.617218,2467.3,8.7,,,,
6181,1,New York,NY,1/31/2021,"$707,626 ",1.40%,3802.506459,2457.64,8.6,,,,
6181,1,New York,NY,2/28/2021,"$710,746 ",1.70%,3834.087853,2472.37,8.4,,,,
6181,1,New York,NY,3/31/2021,"$714,204 ",2.60%,3076.69832,2500.15,8.1,,,,
6181,1,New York,NY,4/30/2021,"$717,117 ",4.20%,3087.761569,2540.74,7.9,,,,
6181,1,New York,NY,5/31/2021,"$720,530 ",5.00%,3891.709394,2596.82,7.5,,,,
6181,1,New York,NY,6/30/2021,"$722,833 ",5.40%,3636.168499,2667.37,7.5,,,,
6181,1,New York,NY,7/31/2021,"$725,741 ",5.40%,2812.094867,2748.42,7.1,,,,
6181,1,New York,NY,8/31/2021,"$726,950 ",5.30%,3978.658316,2821.54,6.8,,,,
6181,1,New York,NY,9/30/2021,"$728,253 ",5.40%,3265.18672,2880.47,6.2,,,,
6181,1,New York,NY,10/31/2021,"$731,523 ",6.20%,3249.295343,2915.21,5.9,,,,
6181,1,New York,NY,11/30/2021,"$736,672 ",6.80%,4152.737697,2941.99,5.6,,,,
6181,1,New York,NY,12/31/2021,"$741,348 ",7.00%,3405.627156,2961.67,5.4,,,,
6181,1,New York,NY,1/31/2022,"$745,428 ",7.50%,3044.305766,2989.73,5.2,,,,
6181,1,New York,NY,2/28/2022,"$750,132 ",7.90%,3859.876741,3024.87,4.8,,,,
6181,1,New York,NY,3/31/2022,"$758,369 ",8.50%,6501.043904,3069.17,4.6,,,,
6181,1,New York,NY,4/30/2022,"$766,023 ",8.30%,3724.879983,3116.56,4.5,,,,
6181,1,New York,NY,5/31/2022,"$772,964 ",8.60%,3491.865958,3175.21,4.3,,,,
6181,1,New York,NY,6/30/2022,"$778,918 ",9.10%,4336.793488,3235.62,4.2,,,,
6181,1,New York,NY,7/31/2022,"$781,608 ",8.50%,3507.487471,3288.28,4,,,,
6181,1,New York,NY,8/31/2022,"$780,346 ",8.30%,3395.051929,3319.01,3.8,,,,
6181,1,New York,NY,9/30/2022,"$773,658 ",8.20%,3265.941131,3323.53,3.9,,,,
6181,1,New York,NY,10/31/2022,"$768,129 ",7.70%,2381.250578,3304.14,4,,,,
6181,1,New York,NY,11/30/2022,"$762,932 ",7.10%,2065.32058,3266.89,4.1,,,,
6181,1,New York,NY,12/31/2022,"$757,376 ",6.50%,2459.87336,3237.31,4.1,,,,
6181,1,New York,NY,1/31/2023,"$749,986 ",6.40%,1318.417281,3231.02,4,,,,
6181,1,New York,NY,2/28/2023,"$741,736 ",6.00%,2479.478375,3242.88,4,,,,
6181,1,New York,NY,3/31/2023,"$735,542 ",5.00%,4070.661849,3267.05,4,,,,
6181,1,New York,NY,4/30/2023,"$733,031 ",4.90%,1997.781856,3300.5,3.9,,,,
6181,1,New York,NY,5/31/2023,"$732,842 ",4.00%,2656.695493,3341.47,3.9,,,,
6181,1,New York,NY,6/30/2023,"$733,116 ",3.00%,1869.408453,3383.12,3.9,,,,
6181,1,New York,NY,7/31/2023,"$732,242 ",3.20%,1765.246311,3412.73,4,,,,
6181,1,New York,NY,8/31/2023,"$730,381 ",3.70%,2279.205694,3424.73,4.1,,,,
6181,1,New York,NY,9/30/2023,"$727,915 ",3.70%,1518.916544,3420.01,4.1,,,,
6181,1,New York,NY,10/31/2023,"$724,898 ",3.20%,2139.814031,3396.95,4.2,,,,
6181,1,New York,NY,11/30/2023,"$722,116 ",3.10%,1534.316244,3359.21,4.2,,,,
6181,1,New York,NY,12/31/2023,"$720,863 ",3.40%,1375.506871,3330.92,4.2,,,,
6181,1,New York,NY,1/31/2024,"$721,340 ",3.10%,3568.573218,3326.03,4.2,,,,
6181,1,New York,NY,2/29/2024,"$723,357 ",3.20%,8348.653274,3349.94,4.1,,,,
6181,1,New York,NY,3/31/2024,"$727,502 ",3.50%,4148.018174,3388,4.2,,,,
6181,1,New York,NY,4/30/2024,"$732,043 ",3.40%,3976.610946,3428.86,4.2,,,,
6181,1,New York,NY,5/31/2024,"$735,198 ",3.30%,2788.714289,3471.7,4.3,,,,
6181,1,New York,NY,6/30/2024,"$735,939 ",3.00%,2848.014536,3507.17,4.3,,,,
6181,1,New York,NY,7/31/2024,"$737,081 ",2.90%,3784.428667,3527.54,4.4,,,,
6181,1,New York,NY,8/31/2024,"$739,804 ",2.50%,2678.319259,3530.37,4.4,,,,
6181,1,New York,NY,9/30/2024,"$743,148 ",2.40%,3420.390067,3514.69,4.4,,,,
6181,1,New York,NY,10/31/2024,"$745,905 ",2.60%,3079.966522,3492.48,4.4,,,,
6181,1,New York,NY,11/30/2024,"$748,662 ",2.70%,3558.451247,3468.33,4.4,,,,
6181,1,New York,NY,12/31/2024,"$751,393 ",2.90%,4928.988819,3453.6,4.4,,,,
12447,2,Los Angeles,CA,1/31/2020,"$704,730 ",2.50%,2852.19816,2390.62,4.9,,,,
12447,2,Los Angeles,CA,2/29/2020,"$706,948 ",2.30%,2574.69997,2398.11,4.8,,,,
12447,2,Los Angeles,CA,3/31/2020,"$707,643 ",1.50%,2452.59513,2394.86,6.7,,,,
12447,2,Los Angeles,CA,4/30/2020,"$708,022 ",0.30%,1956.72517,2383.93,16.8,,,,
12447,2,Los Angeles,CA,5/31/2020,"$705,756 ",0.10%,1144.63136,2367.48,18.9,,,,
12447,2,Los Angeles,CA,6/30/2020,"$700,776 ",0.60%,1681.59477,2357.80,17.7,,,,
12447,2,Los Angeles,CA,7/31/2020,"$700,117 ",1.00%,2428.91021,2355.22,18.5,,,,
12447,2,Los Angeles,CA,8/31/2020,"$706,460 ",1.30%,1884.88855,2350.40,16.9,,,,
12447,2,Los Angeles,CA,9/30/2020,"$720,539 ",1.40%,1915.00278,2338.63,11.4,,,,
12447,2,Los Angeles,CA,10/31/2020,"$736,698 ",1.20%,1959.95063,2326.62,10.4,,,,
12447,2,Los Angeles,CA,11/30/2020,"$754,081 ",1.20%,2335.60706,2318.82,10.4,,,,
12447,2,Los Angeles,CA,12/31/2020,"$770,199 ",1.40%,3031.74786,2315.03,10.8,,,,
12447,2,Los Angeles,CA,1/31/2021,"$779,041 ",1.40%,3228.53544,2319.22,11.1,,,,
12447,2,Los Angeles,CA,2/28/2021,"$783,076 ",1.70%,2422.71473,2321.29,10.5,,,,
12447,2,Los Angeles,CA,3/31/2021,"$783,813 ",2.60%,4043.12235,2328.98,10.5,,,,
12447,2,Los Angeles,CA,4/30/2021,"$790,054 ",4.20%,2370.41089,2336.82,10.3,,,,
12447,2,Los Angeles,CA,5/31/2021,"$800,205 ",5.00%,2072.5722,2356.37,9.5,,,,
12447,2,Los Angeles,CA,6/30/2021,"$813,133 ",5.40%,2141.445,2388.41,10,,,,
12447,2,Los Angeles,CA,7/31/2021,"$827,253 ",5.40%,2873.72941,2429.91,9.5,,,,
12447,2,Los Angeles,CA,8/31/2021,"$838,463 ",5.30%,2516.58413,2478.28,8.9,,,,
12447,2,Los Angeles,CA,9/30/2021,"$847,415 ",5.40%,2286.51979,2514.82,7.7,,,,
12447,2,Los Angeles,CA,10/31/2021,"$854,199 ",6.20%,2917.55734,2537.55,7.2,,,,
12447,2,Los Angeles,CA,11/30/2021,"$861,624 ",6.80%,2245.16027,2550.41,6.4,,,,
12447,2,Los Angeles,CA,12/31/2021,"$870,213 ",7.00%,2103.43478,2569.76,6,,,,
12447,2,Los Angeles,CA,1/31/2022,"$880,119 ",7.50%,1965.5256,2591.94,6.6,,,,
12447,2,Los Angeles,CA,2/28/2022,"$890,998 ",7.90%,2949.22325,2616.40,5.8,,,,
12447,2,Los Angeles,CA,3/31/2022,"$903,007 ",8.50%,2196.45192,2633.10,5.2,,,,
12447,2,Los Angeles,CA,4/30/2022,"$913,103 ",8.30%,3112.74852,2656.17,4.8,,,,
12447,2,Los Angeles,CA,5/31/2022,"$922,101 ",8.60%,2991.89355,2679.98,4.6,,,,
12447,2,Los Angeles,CA,6/30/2022,"$926,970 ",9.10%,3183.77572,2705.34,5,,,,
12447,2,Los Angeles,CA,7/31/2022,"$930,091 ",8.50%,1873.37451,2728.19,4.9,,,,
12447,2,Los Angeles,CA,8/31/2022,"$927,808 ",8.30%,2937.62173,2745.70,4.8,,,,
12447,2,Los Angeles,CA,9/30/2022,"$923,021 ",8.20%,3303.4027,2757.28,4.4,,,,
12447,2,Los Angeles,CA,10/31/2022,"$917,019 ",7.70%,2631.24594,2751.88,4.6,,,,
12447,2,Los Angeles,CA,11/30/2022,"$913,589 ",7.10%,2116.66183,2743.30,4.6,,,,
12447,2,Los Angeles,CA,12/31/2022,"$911,383 ",6.50%,2045.92906,2734.61,4.5,,,,
12447,2,Los Angeles,CA,1/31/2023,"$903,064 ",6.40%,2036.72191,2734.86,5.1,,,,
12447,2,Los Angeles,CA,2/28/2023,"$890,162 ",6.00%,2724.51571,2739.70,5,,,,
12447,2,Los Angeles,CA,3/31/2023,"$876,350 ",5.00%,2032.95654,2753.20,4.8,,,,
12447,2,Los Angeles,CA,4/30/2023,"$870,014 ",4.90%,2514.06798,2762.25,4.4,,,,
12447,2,Los Angeles,CA,5/31/2023,"$870,314 ",4.00%,2328.6181,2767.63,4.7,,,,
12447,2,Los Angeles,CA,6/30/2023,"$875,953 ",3.00%,3166.76038,2766.85,5.1,,,,
12447,2,Los Angeles,CA,7/31/2023,"$886,924 ",3.20%,2405.87254,2768.78,5.3,,,,
12447,2,Los Angeles,CA,8/31/2023,"$901,950 ",3.70%,3324.90185,2773.99,5.7,,,,
12447,2,Los Angeles,CA,9/30/2023,"$917,342 ",3.70%,1823.84805,2776.17,5.4,,,,
12447,2,Los Angeles,CA,10/31/2023,"$930,014 ",3.20%,1785.15298,2770.49,5.2,,,,
12447,2,Los Angeles,CA,11/30/2023,"$938,488 ",3.10%,2494.2702,2755.11,5,,,,
12447,2,Los Angeles,CA,12/31/2023,"$943,129 ",3.40%,2147.31611,2741.35,5.1,,,,
12447,2,Los Angeles,CA,1/31/2024,"$940,107 ",3.10%,2317.69637,2745.33,5.6,,,,
12447,2,Los Angeles,CA,2/29/2024,"$932,782 ",3.20%,2109.54313,2754.07,5.3,,,,
12447,2,Los Angeles,CA,3/31/2024,"$926,291 ",3.50%,2300.729,2771.44,5.3,,,,
12447,2,Los Angeles,CA,4/30/2024,"$924,914 ",3.40%,1963.10253,2780.57,5,,,,
12447,2,Los Angeles,CA,5/31/2024,"$926,087 ",3.30%,2547.61171,2795.25,5.4,,,,
12447,2,Los Angeles,CA,6/30/2024,"$926,257 ",3.00%,2053.95032,2806.62,6.1,,,,
12447,2,Los Angeles,CA,7/31/2024,"$928,946 ",2.90%,2042.11296,2819.07,6.7,,,,
12447,2,Los Angeles,CA,8/31/2024,"$934,457 ",2.50%,2263.5587,2825.04,6.7,,,,
12447,2,Los Angeles,CA,9/30/2024,"$942,136 ",2.40%,2231.1044,2828.88,6,,,,
12447,2,Los Angeles,CA,10/31/2024,"$948,010 ",2.60%,2237.67426,2824.86,6,,,,
12447,2,Los Angeles,CA,11/30/2024,"$952,435 ",2.70%,2637.34914,2821.14,6,,,,
12447,2,Los Angeles,CA,12/31/2024,"$955,570 ",2.90%,2455.09684,2813.78,5.7,,,,
39051,3,Houston,TX,1/31/2020,"$191,628 ",2.50%,4933.399752,1312.94,4,,,,
39051,3,Houston,TX,2/29/2020,"$192,394 ",2.30%,4985.720923,1319.54,3.8,,,,
39051,3,Houston,TX,3/31/2020,"$193,097 ",1.50%,6323.856351,1325.66,5.9,,,,
39051,3,Houston,TX,4/30/2020,"$193,596 ",0.30%,4158.936728,1321.62,13.8,,,,
39051,3,Houston,TX,5/31/2020,"$193,677 ",0.10%,4603.722903,1314.24,13.4,,,,
39051,3,Houston,TX,6/30/2020,"$193,723 ",0.60%,5398.507739,1305.01,12,,,,
39051,3,Houston,TX,7/31/2020,"$194,095 ",1.00%,6281.94811,1308.26,11.5,,,,
39051,3,Houston,TX,8/31/2020,"$195,106 ",1.30%,5635.2992,1310.65,9.5,,,,
39051,3,Houston,TX,9/30/2020,"$196,631 ",1.40%,7511.73414,1309.79,9.3,,,,
39051,3,Houston,TX,10/31/2020,"$198,578 ",1.20%,5894.392918,1310.14,7.8,,,,
39051,3,Houston,TX,11/30/2020,"$201,028 ",1.20%,5039.141482,1310.18,7.7,,,,
39051,3,Houston,TX,12/31/2020,"$203,474 ",1.40%,6997.568911,1308.12,7.6,,,,
39051,3,Houston,TX,1/31/2021,"$205,970 ",1.40%,5460.278546,1308.23,7.9,,,,
39051,3,Houston,TX,2/28/2021,"$208,411 ",1.70%,4692.712837,1308.78,7.6,,,,
39051,3,Houston,TX,3/31/2021,"$211,183 ",2.60%,5109.215924,1317.45,7.2,,,,
39051,3,Houston,TX,4/30/2021,"$214,109 ",4.20%,7286.801812,1329.80,6.7,,,,
39051,3,Houston,TX,5/31/2021,"$217,419 ",5.00%,5285.324008,1349.78,6.4,,,,
39051,3,Houston,TX,6/30/2021,"$220,955 ",5.40%,5315.901673,1377.58,7.1,,,,
39051,3,Houston,TX,7/31/2021,"$223,797 ",5.40%,6137.868697,1402.82,6.6,,,,
39051,3,Houston,TX,8/31/2021,"$225,492 ",5.30%,6553.101484,1424.86,6.2,,,,
39051,3,Houston,TX,9/30/2021,"$226,356 ",5.40%,5068.949339,1437.98,5.6,,,,
39051,3,Houston,TX,10/31/2021,"$227,673 ",6.20%,5059.67677,1444.26,5.2,,,,
39051,3,Houston,TX,11/30/2021,"$229,846 ",6.80%,5038.249806,1448.57,4.8,,,,
39051,3,Houston,TX,12/31/2021,"$232,552 ",7.00%,7376.736537,1448.51,4.4,,,,
39051,3,Houston,TX,1/31/2022,"$236,580 ",7.50%,6002.275129,1454.99,5.1,,,,
39051,3,Houston,TX,2/28/2022,"$241,471 ",7.90%,7241.940211,1463.81,4.7,,,,
39051,3,Houston,TX,3/31/2022,"$247,166 ",8.50%,7223.311094,1474.82,4.1,,,,
39051,3,Houston,TX,4/30/2022,"$252,303 ",8.30%,6254.512457,1484.95,3.8,,,,
39051,3,Houston,TX,5/31/2022,"$256,740 ",8.60%,6087.381018,1496.17,3.9,,,,
39051,3,Houston,TX,6/30/2022,"$260,400 ",9.10%,7850.207183,1510.86,4.5,,,,
39051,3,Houston,TX,7/31/2022,"$262,938 ",8.50%,5931.918304,1521.97,4.4,,,,
39051,3,Houston,TX,8/31/2022,"$264,186 ",8.30%,5978.619359,1526.55,4.3,,,,
39051,3,Houston,TX,9/30/2022,"$264,512 ",8.20%,6556.362136,1524.88,4.1,,,,
39051,3,Houston,TX,10/31/2022,"$264,539 ",7.70%,6231.384809,1518.37,4,,,,
39051,3,Houston,TX,11/30/2022,"$264,528 ",7.10%,5335.344009,1512.05,4.1,,,,
39051,3,Houston,TX,12/31/2022,"$263,933 ",6.50%,4537.486135,1510.17,3.9,,,,
39051,3,Houston,TX,1/31/2023,"$262,673 ",6.40%,6393.727186,1515.04,4.5,,,,
39051,3,Houston,TX,2/28/2023,"$261,283 ",6.00%,5287.262725,1523.99,4.6,,,,
39051,3,Houston,TX,3/31/2023,"$260,325 ",5.00%,5547.823928,1534.39,4.3,,,,
39051,3,Houston,TX,4/30/2023,"$260,008 ",4.90%,5629.265402,1539.63,3.8,,,,
39051,3,Houston,TX,5/31/2023,"$260,269 ",4.00%,6772.303736,1547.49,4.2,,,,
39051,3,Houston,TX,6/30/2023,"$261,136 ",3.00%,5674.248634,1554.49,4.5,,,,
39051,3,Houston,TX,7/31/2023,"$262,074 ",3.20%,5025.36277,1561.21,4.5,,,,
39051,3,Houston,TX,8/31/2023,"$263,027 ",3.70%,6537.238696,1560.87,4.6,,,,
39051,3,Houston,TX,9/30/2023,"$263,481 ",3.70%,5457.280866,1556.17,4.3,,,,
39051,3,Houston,TX,10/31/2023,"$263,635 ",3.20%,5354.728262,1550.79,4.1,,,,
39051,3,Houston,TX,11/30/2023,"$263,481 ",3.10%,4841.909898,1547.01,4,,,,
39051,3,Houston,TX,12/31/2023,"$263,279 ",3.40%,4653.986367,1545.60,4,,,,
39051,3,Houston,TX,1/31/2024,"$263,499 ",3.10%,5174.03442,1547.69,4.4,,,,
39051,3,Houston,TX,2/29/2024,"$264,009 ",3.20%,6088.467545,1551.78,4.5,,,,
39051,3,Houston,TX,3/31/2024,"$265,008 ",3.50%,5498.504729,1554.95,4.2,,,,
39051,3,Houston,TX,4/30/2024,"$266,053 ",3.40%,5931.728078,1562.56,3.8,,,,
39051,3,Houston,TX,5/31/2024,"$266,691 ",3.30%,4821.664672,1572.67,4.1,,,,
39051,3,Houston,TX,6/30/2024,"$266,622 ",3.00%,4595.169307,1583.09,4.7,,,,
39051,3,Houston,TX,7/31/2024,"$266,243 ",2.90%,4988.236882,1587.67,5.1,,,,
39051,3,Houston,TX,8/31/2024,"$265,799 ",2.50%,5331.15101,1589.90,4.9,,,,
39051,3,Houston,TX,9/30/2024,"$265,408 ",2.40%,4816.345666,1590.75,4.5,,,,
39051,3,Houston,TX,10/31/2024,"$264,855 ",2.60%,6611.461705,1589.99,4.4,,,,
39051,3,Houston,TX,11/30/2024,"$264,332 ",2.70%,6245.765458,1585.46,4.4,,,,
39051,3,Houston,TX,12/31/2024,"$264,131 ",2.90%,5345.230669,1581.02,4.1,,,,
17426,4,Chicago,IL,1/31/2020,"$249,543 ",2.50%,1595.03721,1765.36,3.9,,,,
17426,4,Chicago,IL,2/29/2020,"$251,592 ",2.30%,1521.49017,1780.32,3.9,,,,
17426,4,Chicago,IL,3/31/2020,"$253,942 ",1.50%,1578.69941,1797.13,6.6,,,,
17426,4,Chicago,IL,4/30/2020,"$255,188 ",0.30%,633.39977,1797.94,19.8,,,,
17426,4,Chicago,IL,5/31/2020,"$255,317 ",0.10%,1013.13962,1794.91,16.5,,,,
17426,4,Chicago,IL,6/30/2020,"$254,419 ",0.60%,1025.90624,1789.79,15,,,,
17426,4,Chicago,IL,7/31/2020,"$253,315 ",1.00%,1444.00582,1785.80,13.9,,,,
17426,4,Chicago,IL,8/31/2020,"$253,120 ",1.30%,979.79839,1773.16,11.6,,,,
17426,4,Chicago,IL,9/30/2020,"$254,433 ",1.40%,1444.3365,1748.10,10.8,,,,
17426,4,Chicago,IL,10/31/2020,"$256,816 ",1.20%,1318.25103,1712.04,9.1,,,,
17426,4,Chicago,IL,11/30/2020,"$259,828 ",1.20%,1194.49719,1680.76,8.7,,,,
17426,4,Chicago,IL,12/31/2020,"$262,707 ",1.40%,1330.06823,1667.24,8.9,,,,
17426,4,Chicago,IL,1/31/2021,"$265,702 ",1.40%,1378.15643,1669.30,8.8,,,,
17426,4,Chicago,IL,2/28/2021,"$269,050 ",1.70%,1365.40933,1686.44,8.2,,,,
17426,4,Chicago,IL,3/31/2021,"$272,529 ",2.60%,1360.69914,1710.33,7.5,,,,
17426,4,Chicago,IL,4/30/2021,"$275,419 ",4.20%,1303.30917,1744.21,7.5,,,,
17426,4,Chicago,IL,5/31/2021,"$277,286 ",5.00%,1254.10728,1777.04,7.5,,,,
17426,4,Chicago,IL,6/30/2021,"$278,541 ",5.40%,1943.88929,1805.76,8.8,,,,
17426,4,Chicago,IL,7/31/2021,"$279,465 ",5.40%,2327.00001,1824.84,7.8,,,,
17426,4,Chicago,IL,8/31/2021,"$279,554 ",5.30%,1527.79835,1836.52,7.1,,,,
17426,4,Chicago,IL,9/30/2021,"$278,587 ",5.40%,1398.90026,1839.14,5.9,,,,
17426,4,Chicago,IL,10/31/2021,"$277,528 ",6.20%,2163.37365,1835.44,5.5,,,,
17426,4,Chicago,IL,11/30/2021,"$277,151 ",6.80%,1275.86575,1830.48,4.7,,,,
17426,4,Chicago,IL,12/31/2021,"$278,020 ",7.00%,1067.64651,1835.73,4.3,,,,
17426,4,Chicago,IL,1/31/2022,"$279,914 ",7.50%,1417.96691,1852.31,5.3,,,,
17426,4,Chicago,IL,2/28/2022,"$283,158 ",7.90%,1305.06541,1872.62,5.2,,,,
17426,4,Chicago,IL,3/31/2022,"$287,275 ",8.50%,1352.0366,1897.36,4.7,,,,
17426,4,Chicago,IL,4/30/2022,"$291,092 ",8.30%,1673.27701,1923.95,4.6,,,,
17426,4,Chicago,IL,5/31/2022,"$292,649 ",8.60%,1517.1737,1953.50,4.9,,,,
17426,4,Chicago,IL,6/30/2022,"$292,708 ",9.10%,1133.04465,1975.45,5.7,,,,
17426,4,Chicago,IL,7/31/2022,"$291,048 ",8.50%,1178.10182,1992.32,5.4,,,,
17426,4,Chicago,IL,8/31/2022,"$288,776 ",8.30%,1250.64601,1998.76,5.6,,,,
17426,4,Chicago,IL,9/30/2022,"$285,848 ",8.20%,1985.02014,1996.64,5,,,,
17426,4,Chicago,IL,10/31/2022,"$283,553 ",7.70%,1352.53774,1987.92,4.8,,,,
17426,4,Chicago,IL,11/30/2022,"$282,348 ",7.10%,1349.59312,1980.91,4.5,,,,
17426,4,Chicago,IL,12/31/2022,"$281,469 ",6.50%,1684.18842,1979.96,4,,,,
17426,4,Chicago,IL,1/31/2023,"$280,334 ",6.40%,1321.93767,1990.15,4.4,,,,
17426,4,Chicago,IL,2/28/2023,"$279,392 ",6.00%,1162.73273,2006.49,4.3,,,,
17426,4,Chicago,IL,3/31/2023,"$279,214 ",5.00%,1377.13979,2027.97,4.1,,,,
17426,4,Chicago,IL,4/30/2023,"$280,061 ",4.90%,1157.50263,2049.04,3.6,,,,
17426,4,Chicago,IL,5/31/2023,"$281,055 ",4.00%,1102.57466,2074.02,3.9,,,,
17426,4,Chicago,IL,6/30/2023,"$282,155 ",3.00%,1352.0913,2096.18,4.9,,,,
17426,4,Chicago,IL,7/31/2023,"$283,428 ",3.20%,1015.52638,2108.65,4.6,,,,
17426,4,Chicago,IL,8/31/2023,"$285,228 ",3.70%,1269.28424,2112.08,5.3,,,,
17426,4,Chicago,IL,9/30/2023,"$286,957 ",3.70%,1197.49842,2100.36,4.9,,,,
17426,4,Chicago,IL,10/31/2023,"$288,001 ",3.20%,1134.44709,2084.42,4.8,,,,
17426,4,Chicago,IL,11/30/2023,"$288,498 ",3.10%,1020.209,2068.33,4.4,,,,
17426,4,Chicago,IL,12/31/2023,"$288,410 ",3.40%,1059.14213,2068.72,4.1,,,,
17426,4,Chicago,IL,1/31/2024,"$288,327 ",3.10%,1226.11204,2080.83,4.8,,,,
17426,4,Chicago,IL,2/29/2024,"$288,828 ",3.20%,1355.91942,2103.50,5.3,,,,
17426,4,Chicago,IL,3/31/2024,"$290,269 ",3.50%,1672.44751,2124.32,4.9,,,,
17426,4,Chicago,IL,4/30/2024,"$292,321 ",3.40%,801.02378,2150.60,4.8,,,,
17426,4,Chicago,IL,5/31/2024,"$293,568 ",3.30%,1560.68859,2171.68,5.3,,,,
17426,4,Chicago,IL,6/30/2024,"$294,067 ",3.00%,1351.53429,2191.87,6.5,,,,
17426,4,Chicago,IL,7/31/2024,"$294,253 ",2.90%,1464.77643,2199.63,6.3,,,,
17426,4,Chicago,IL,8/31/2024,"$294,854 ",2.50%,1751.00232,2196.07,6,,,,
17426,4,Chicago,IL,9/30/2024,"$295,317 ",2.40%,1521.97932,2187.42,5.4,,,,
17426,4,Chicago,IL,10/31/2024,"$295,510 ",2.60%,1528.48224,2177.56,5.4,,,,
17426,4,Chicago,IL,11/30/2024,"$295,610 ",2.70%,1670.54763,2176.79,5.1,,,,
17426,4,Chicago,IL,12/31/2024,"$296,185 ",2.90%,1395.00166,2179.13,4.6,,,,
6915,4,San Antonio,TX,1/31/2020,"$189,009 ",2.50%,839.07714,1174.97,3.2,,,,
6915,4,San Antonio,TX,2/29/2020,"$190,139 ",2.30%,1394.8695,1182.72,3.1,,,,
6915,4,San Antonio,TX,3/31/2020,"$191,098 ",1.50%,1444.75777,1185.99,4.8,,,,
6915,4,San Antonio,TX,4/30/2020,"$191,716 ",0.30%,1376.30097,1187.44,13.2,,,,
6915,4,San Antonio,TX,5/31/2020,"$191,964 ",0.10%,1062.9218,1184.55,12.3,,,,
6915,4,San Antonio,TX,6/30/2020,"$192,152 ",0.60%,1601.8816,1185.14,10.3,,,,
6915,4,San Antonio,TX,7/31/2020,"$192,767 ",1.00%,1398.4157,1191.81,9.8,,,,
6915,4,San Antonio,TX,8/31/2020,"$193,886 ",1.30%,1442.29002,1197.61,7.8,,,,
6915,4,San Antonio,TX,9/30/2020,"$195,753 ",1.40%,1335.56575,1200.78,7.5,,,,
6915,4,San Antonio,TX,10/31/2020,"$198,068 ",1.20%,1656.43266,1199.78,6.5,,,,
6915,4,San Antonio,TX,11/30/2020,"$200,785 ",1.20%,1393.34545,1199.87,6.4,,,,
6915,4,San Antonio,TX,12/31/2020,"$203,318 ",1.40%,1754.53904,1201.76,6.2,,,,
6915,4,San Antonio,TX,1/31/2021,"$205,745 ",1.40%,1779.48067,1204.23,6.6,,,,
6915,4,San Antonio,TX,2/28/2021,"$208,211 ",1.70%,1790.53276,1208.80,6.5,,,,
6915,4,San Antonio,TX,3/31/2021,"$211,084 ",2.60%,1743.81349,1216.49,6.1,,,,
6915,4,San Antonio,TX,4/30/2021,"$214,220 ",4.20%,1410.51906,1231.17,5.5,,,,
6915,4,San Antonio,TX,5/31/2021,"$217,653 ",5.00%,1344.10275,1247.93,5.3,,,,
6915,4,San Antonio,TX,6/30/2021,"$221,264 ",5.40%,1623.39908,1269.40,6,,,,
6915,4,San Antonio,TX,7/31/2021,"$224,487 ",5.40%,1946.79171,1293.80,5.4,,,,
6915,4,San Antonio,TX,8/31/2021,"$226,816 ",5.30%,1520.25107,1320.64,5.1,,,,
6915,4,San Antonio,TX,9/30/2021,"$228,402 ",5.40%,1749.08816,1340.51,4.8,,,,
6915,4,San Antonio,TX,10/31/2021,"$229,968 ",6.20%,1793.18159,1351.13,4.5,,,,
6915,4,San Antonio,TX,11/30/2021,"$232,321 ",6.80%,1746.52889,1356.06,4.2,,,,
6915,4,San Antonio,TX,12/31/2021,"$235,291 ",7.00%,1223.13204,1362.07,3.8,,,,
6915,4,San Antonio,TX,1/31/2022,"$239,443 ",7.50%,2504.55884,1368.08,4.3,,,,
6915,4,San Antonio,TX,2/28/2022,"$244,145 ",7.90%,1737.9295,1378.54,4.1,,,,
6915,4,San Antonio,TX,3/31/2022,"$249,295 ",8.50%,2104.66249,1390.55,3.6,,,,
6915,4,San Antonio,TX,4/30/2022,"$254,262 ",8.30%,2512.43022,1403.08,3.3,,,,
6915,4,San Antonio,TX,5/31/2022,"$258,696 ",8.60%,1869.41158,1416.42,3.5,,,,
6915,4,San Antonio,TX,6/30/2022,"$262,420 ",9.10%,2095.32507,1426.10,4,,,,
6915,4,San Antonio,TX,7/31/2022,"$264,777 ",8.50%,2122.40059,1439.02,3.9,,,,
6915,4,San Antonio,TX,8/31/2022,"$265,595 ",8.30%,2271.73808,1441.99,3.8,,,,
6915,4,San Antonio,TX,9/30/2022,"$265,173 ",8.20%,2072.28713,1439.29,3.6,,,,
6915,4,San Antonio,TX,10/31/2022,"$264,543 ",7.70%,1749.29599,1427.59,3.7,,,,
6915,4,San Antonio,TX,11/30/2022,"$263,949 ",7.10%,1484.45586,1419.06,3.7,,,,
6915,4,San Antonio,TX,12/31/2022,"$263,484 ",6.50%,1662.75907,1414.91,3.4,,,,
6915,4,San Antonio,TX,1/31/2023,"$262,848 ",6.40%,1454.72486,1420.82,4.1,,,,
6915,4,San Antonio,TX,2/28/2023,"$261,770 ",6.00%,1180.72276,1425.07,4.2,,,,
6915,4,San Antonio,TX,3/31/2023,"$260,579 ",5.00%,1775.48931,1436.71,3.8,,,,
6915,4,San Antonio,TX,4/30/2023,"$259,561 ",4.90%,1658.65642,1439.23,3.4,,,,
6915,4,San Antonio,TX,5/31/2023,"$259,332 ",4.00%,1577.198,1444.78,3.7,,,,
6915,4,San Antonio,TX,6/30/2023,"$259,641 ",3.00%,2143.11993,1441.09,3.9,,,,
6915,4,San Antonio,TX,7/31/2023,"$259,863 ",3.20%,936.61958,1438.38,4,,,,
6915,4,San Antonio,TX,8/31/2023,"$259,998 ",3.70%,767.38396,1435.45,4.1,,,,
6915,4,San Antonio,TX,9/30/2023,"$259,556 ",3.70%,1341.17009,1430.66,3.8,,,,
6915,4,San Antonio,TX,10/31/2023,"$258,720 ",3.20%,1804.18479,1423.14,3.6,,,,
6915,4,San Antonio,TX,11/30/2023,"$257,469 ",3.10%,992.6679,1416.74,3.4,,,,
6915,4,San Antonio,TX,12/31/2023,"$255,976 ",3.40%,674.99434,1413.34,3.3,,,,
6915,4,San Antonio,TX,1/31/2024,"$254,886 ",3.10%,1319.73131,1413.28,3.8,,,,
6915,4,San Antonio,TX,2/29/2024,"$254,320 ",3.20%,1134.58695,1414.37,4,,,,
6915,4,San Antonio,TX,3/31/2024,"$254,482 ",3.50%,1026.64315,1419.31,3.7,,,,
6915,4,San Antonio,TX,4/30/2024,"$254,805 ",3.40%,1155.40087,1427.99,3.3,,,,
6915,4,San Antonio,TX,5/31/2024,"$254,783 ",3.30%,1468.20954,1433.95,3.5,,,,
6915,4,San Antonio,TX,6/30/2024,"$254,405 ",3.00%,1025.55049,1436.63,4.2,,,,
6915,4,San Antonio,TX,7/31/2024,"$253,528 ",2.90%,1149.95111,1438.44,4.2,,,,
6915,4,San Antonio,TX,8/31/2024,"$252,728 ",2.50%,1155.01221,1437.26,4.1,,,,
6915,4,San Antonio,TX,9/30/2024,"$251,916 ",2.40%,988.51163,1431.54,3.8,,,,
6915,4,San Antonio,TX,10/31/2024,"$251,163 ",2.60%,1389.54776,1416.32,3.9,,,,
6915,4,San Antonio,TX,11/30/2024,"$250,356 ",2.70%,1339.99918,1406.72,3.9,,,,
6915,4,San Antonio,TX,12/31/2024,"$249,819 ",2.90%,1453.9535,1401.03,3.4,,,,